school,logo
Abilene Christian,http://a.espncdn.com/i/teamlogos/ncaa/500/2000.png
Adams State,http://a.espncdn.com/i/teamlogos/ncaa/500/2001.png
Adrian,http://a.espncdn.com/i/teamlogos/ncaa/500/2003.png
Air Force,http://a.espncdn.com/i/teamlogos/ncaa/500/2005.png
Akron,http://a.espncdn.com/i/teamlogos/ncaa/500/2006.png
Alabama,http://a.espncdn.com/i/teamlogos/ncaa/500/333.png
Alabama A&M,http://a.espncdn.com/i/teamlogos/ncaa/500/2010.png
Alabama State,http://a.espncdn.com/i/teamlogos/ncaa/500/2011.png
Albany,http://a.espncdn.com/i/teamlogos/ncaa/500/399.png
Albany State (GA),http://a.espncdn.com/i/teamlogos/ncaa/500/2013.png
Albion,http://a.espncdn.com/i/teamlogos/ncaa/500/2790.png
Albright,http://a.espncdn.com/i/teamlogos/ncaa/500/2015.png
Alcorn State,http://a.espncdn.com/i/teamlogos/ncaa/500/2016.png
Alderson-Broaddus,http://a.espncdn.com/i/teamlogos/ncaa/500/2017.png
Alfred,http://a.espncdn.com/i/teamlogos/ncaa/500/365.png
Alfred State College,http://a.espncdn.com/i/teamlogos/ncaa/500/3162.png
Allegheny,http://a.espncdn.com/i/teamlogos/ncaa/500/2018.png
Alma College,http://a.espncdn.com/i/teamlogos/ncaa/500/2800.png
American International,http://a.espncdn.com/i/teamlogos/ncaa/500/2022.png
Amherst College,http://a.espncdn.com/i/teamlogos/ncaa/500/7.png
Anderson (IN),http://a.espncdn.com/i/teamlogos/ncaa/500/2023.png
Angelo State,http://a.espncdn.com/i/teamlogos/ncaa/500/2025.png
Anna Maria College,http://a.espncdn.com/i/teamlogos/ncaa/500/15.png
Appalachian State,http://a.espncdn.com/i/teamlogos/ncaa/500/2026.png
Apprentice School,http://a.espncdn.com/i/teamlogos/ncaa/500/3111.png
Arizona,http://a.espncdn.com/i/teamlogos/ncaa/500/12.png
Arizona State,http://a.espncdn.com/i/teamlogos/ncaa/500/9.png
Arkansas,http://a.espncdn.com/i/teamlogos/ncaa/500/8.png
Arkansas State,http://a.espncdn.com/i/teamlogos/ncaa/500/2032.png
Arkansas Tech,http://a.espncdn.com/i/teamlogos/ncaa/500/2033.png
Arkansas-Monticello,http://a.espncdn.com/i/teamlogos/ncaa/500/2028.png
Arkansas-Pine Bluff,http://a.espncdn.com/i/teamlogos/ncaa/500/2029.png
Army,http://a.espncdn.com/i/teamlogos/ncaa/500/349.png
Ashland,http://a.espncdn.com/i/teamlogos/ncaa/500/308.png
Assumption,http://a.espncdn.com/i/teamlogos/ncaa/500/2038.png
Auburn,http://a.espncdn.com/i/teamlogos/ncaa/500/2.png
Augsburg,http://a.espncdn.com/i/teamlogos/ncaa/500/124.png
Augustana (IL),http://a.espncdn.com/i/teamlogos/ncaa/500/2042.png
Augustana (SD),http://a.espncdn.com/i/teamlogos/ncaa/500/2043.png
Aurora,http://a.espncdn.com/i/teamlogos/ncaa/500/2044.png
Austin College,http://a.espncdn.com/i/teamlogos/ncaa/500/2045.png
Austin Peay,http://a.espncdn.com/i/teamlogos/ncaa/500/2046.png
Ave Maria,http://a.espncdn.com/i/teamlogos/ncaa/500/3178.png
Averett,http://a.espncdn.com/i/teamlogos/ncaa/500/2047.png
Avila College,http://a.espncdn.com/i/teamlogos/ncaa/500/2048.png
Azusa Pacific,http://a.espncdn.com/i/teamlogos/ncaa/500/2049.png
Bacone College,http://a.espncdn.com/i/teamlogos/ncaa/500/487.png
Baker University,http://a.espncdn.com/i/teamlogos/ncaa/500/488.png
Baldwin-Wallace,http://a.espncdn.com/i/teamlogos/ncaa/500/188.png
Ball State,http://a.espncdn.com/i/teamlogos/ncaa/500/2050.png
Bates College,http://a.espncdn.com/i/teamlogos/ncaa/500/121.png
Baylor,http://a.espncdn.com/i/teamlogos/ncaa/500/239.png
Becker College,http://a.espncdn.com/i/teamlogos/ncaa/500/479.png
Belhaven College,http://a.espncdn.com/i/teamlogos/ncaa/500/2056.png
Beloit College,http://a.espncdn.com/i/teamlogos/ncaa/500/266.png
Bemidji State,http://a.espncdn.com/i/teamlogos/ncaa/500/132.png
Benedict,http://a.espncdn.com/i/teamlogos/ncaa/500/2059.png
Benedict College,http://a.espncdn.com/i/teamlogos/ncaa/500/490.png
Benedictine (IL),http://a.espncdn.com/i/teamlogos/ncaa/500/2283.png
Benedictine College,http://a.espncdn.com/i/teamlogos/ncaa/500/16111.png
Bentley,http://a.espncdn.com/i/teamlogos/ncaa/500/2060.png
Berry College,http://a.espncdn.com/i/teamlogos/ncaa/500/2757.png
Bethany (KS),http://a.espncdn.com/i/teamlogos/ncaa/500/492.png
Bethany (WV),http://a.espncdn.com/i/teamlogos/ncaa/500/2062.png
Bethel (MN),http://a.espncdn.com/i/teamlogos/ncaa/500/2802.png
Bethel (TN),http://a.espncdn.com/i/teamlogos/ncaa/500/2064.png
Bethune-Cookman,http://a.espncdn.com/i/teamlogos/ncaa/500/2065.png
Birmingham-Southern,http://a.espncdn.com/i/teamlogos/ncaa/500/3.png
Black Hills State,http://a.espncdn.com/i/teamlogos/ncaa/500/2069.png
Blackburn,http://a.espncdn.com/i/teamlogos/ncaa/500/2070.png
Bloomsburg,http://a.espncdn.com/i/teamlogos/ncaa/500/2071.png
Bluefield College,http://a.espncdn.com/i/teamlogos/ncaa/500/495.png
Bluffton,http://a.espncdn.com/i/teamlogos/ncaa/500/2074.png
Boise State,http://a.espncdn.com/i/teamlogos/ncaa/500/68.png
Boston College,http://a.espncdn.com/i/teamlogos/ncaa/500/103.png
Bowdoin,http://a.espncdn.com/i/teamlogos/ncaa/500/340.png
Bowie State,http://a.espncdn.com/i/teamlogos/ncaa/500/2075.png
Bowling Green,http://a.espncdn.com/i/teamlogos/ncaa/500/189.png
Brevard College,http://a.espncdn.com/i/teamlogos/ncaa/500/2913.png
Bridgewater (VA),http://a.espncdn.com/i/teamlogos/ncaa/500/2079.png
Bridgewater State,http://a.espncdn.com/i/teamlogos/ncaa/500/18.png
Brit Columbia,http://a.espncdn.com/i/teamlogos/ncaa/500/2080.png
Brockport State (NY),http://a.espncdn.com/i/teamlogos/ncaa/500/2781.png
Brown,http://a.espncdn.com/i/teamlogos/ncaa/500/225.png
Bryant,http://a.espncdn.com/i/teamlogos/ncaa/500/2803.png
Bucknell,http://a.espncdn.com/i/teamlogos/ncaa/500/2083.png
Buena Vista,http://a.espncdn.com/i/teamlogos/ncaa/500/63.png
Buffalo,http://a.espncdn.com/i/teamlogos/ncaa/500/2084.png
Buffalo State,http://a.espncdn.com/i/teamlogos/ncaa/500/2085.png
Butler,http://a.espncdn.com/i/teamlogos/ncaa/500/2086.png
BYU,http://a.espncdn.com/i/teamlogos/ncaa/500/252.png
Cal Lutheran,http://a.espncdn.com/i/teamlogos/ncaa/500/2094.png
Cal Poly,http://a.espncdn.com/i/teamlogos/ncaa/500/13.png
California,http://a.espncdn.com/i/teamlogos/ncaa/500/25.png
California (PA),http://a.espncdn.com/i/teamlogos/ncaa/500/2858.png
Campbell,http://a.espncdn.com/i/teamlogos/ncaa/500/2097.png
Capital,http://a.espncdn.com/i/teamlogos/ncaa/500/424.png
Carleton,http://a.espncdn.com/i/teamlogos/ncaa/500/2101.png
Carnegie Mellon,http://a.espncdn.com/i/teamlogos/ncaa/500/2102.png
Carroll (WI),http://a.espncdn.com/i/teamlogos/ncaa/500/32.png
Carson-Newman,http://a.espncdn.com/i/teamlogos/ncaa/500/2105.png
Carthage,http://a.espncdn.com/i/teamlogos/ncaa/500/2106.png
Case Western Reserve,http://a.espncdn.com/i/teamlogos/ncaa/500/2963.png
Castleton State College,http://a.espncdn.com/i/teamlogos/ncaa/500/293.png
Catawba,http://a.espncdn.com/i/teamlogos/ncaa/500/2107.png
Catholic University,http://a.espncdn.com/i/teamlogos/ncaa/500/2108.png
Central,http://a.espncdn.com/i/teamlogos/ncaa/500/2964.png
Central Arkansas,http://a.espncdn.com/i/teamlogos/ncaa/500/2110.png
Central Connecticut,http://a.espncdn.com/i/teamlogos/ncaa/500/2115.png
Central Methodist,http://a.espncdn.com/i/teamlogos/ncaa/500/2860.png
Central Michigan,http://a.espncdn.com/i/teamlogos/ncaa/500/2117.png
Central Missouri State,http://a.espncdn.com/i/teamlogos/ncaa/500/2118.png
Central Oklahoma,http://a.espncdn.com/i/teamlogos/ncaa/500/2122.png
Central State,http://a.espncdn.com/i/teamlogos/ncaa/500/2119.png
Central Washington,http://a.espncdn.com/i/teamlogos/ncaa/500/2120.png
Centre,http://a.espncdn.com/i/teamlogos/ncaa/500/2121.png
Chadron State,http://a.espncdn.com/i/teamlogos/ncaa/500/2123.png
Chapman,http://a.espncdn.com/i/teamlogos/ncaa/500/411.png
Charleston (WV),http://a.espncdn.com/i/teamlogos/ncaa/500/2128.png
Charleston Southern,http://a.espncdn.com/i/teamlogos/ncaa/500/2127.png
Charlotte,http://a.espncdn.com/i/teamlogos/ncaa/500/2429.png
Chattanooga,http://a.espncdn.com/i/teamlogos/ncaa/500/236.png
Cheyney,http://a.espncdn.com/i/teamlogos/ncaa/500/2129.png
Chicago,http://a.espncdn.com/i/teamlogos/ncaa/500/80.png
Chowan,http://a.espncdn.com/i/teamlogos/ncaa/500/2804.png
Christopher Newport,http://a.espncdn.com/i/teamlogos/ncaa/500/3112.png
Cincinnati,http://a.espncdn.com/i/teamlogos/ncaa/500/2132.png
Claremont,http://a.espncdn.com/i/teamlogos/ncaa/500/17.png
Clarion,http://a.espncdn.com/i/teamlogos/ncaa/500/2134.png
Clark Atlanta,http://a.espncdn.com/i/teamlogos/ncaa/500/2805.png
Clemson,http://a.espncdn.com/i/teamlogos/ncaa/500/228.png
Coast Guard,http://a.espncdn.com/i/teamlogos/ncaa/500/2557.png
Coastal Carolina,http://a.espncdn.com/i/teamlogos/ncaa/500/324.png
Coe,http://a.espncdn.com/i/teamlogos/ncaa/500/2141.png
Colby,http://a.espncdn.com/i/teamlogos/ncaa/500/33.png
Colgate,http://a.espncdn.com/i/teamlogos/ncaa/500/2142.png
College of Faith,http://a.espncdn.com/i/teamlogos/ncaa/500/3211.png
College of Faith - Charlotte,http://a.espncdn.com/i/teamlogos/ncaa/500/3253.png
College of New Jersey,http://a.espncdn.com/i/teamlogos/ncaa/500/2442.png
Colorado,http://a.espncdn.com/i/teamlogos/ncaa/500/38.png
Colorado College,http://a.espncdn.com/i/teamlogos/ncaa/500/2144.png
Colorado Mesa,http://a.espncdn.com/i/teamlogos/ncaa/500/11.png
Colorado Mines,http://a.espncdn.com/i/teamlogos/ncaa/500/2146.png
Colorado State,http://a.espncdn.com/i/teamlogos/ncaa/500/36.png
Colorado State-Pueblo,http://a.espncdn.com/i/teamlogos/ncaa/500/2570.png
Columbia,http://a.espncdn.com/i/teamlogos/ncaa/500/171.png
Concord,http://a.espncdn.com/i/teamlogos/ncaa/500/2148.png
Concordia (AL),http://a.espncdn.com/i/teamlogos/ncaa/500/3099.png
Concordia (IL),http://a.espncdn.com/i/teamlogos/ncaa/500/2151.png
Concordia (MN),http://a.espncdn.com/i/teamlogos/ncaa/500/2152.png
Concordia (WI),http://a.espncdn.com/i/teamlogos/ncaa/500/409.png
Concordia College (MI),http://a.espncdn.com/i/teamlogos/ncaa/500/2985.png
Concordia-St. Paul,http://a.espncdn.com/i/teamlogos/ncaa/500/3066.png
Connecticut,http://a.espncdn.com/i/teamlogos/ncaa/500/41.png
Cornell,http://a.espncdn.com/i/teamlogos/ncaa/500/172.png
Cornell College (IA),http://a.espncdn.com/i/teamlogos/ncaa/500/2155.png
Crown College,http://a.espncdn.com/i/teamlogos/ncaa/500/509.png
Culver-Stockton,http://a.espncdn.com/i/teamlogos/ncaa/500/510.png
Cumberland,http://a.espncdn.com/i/teamlogos/ncaa/500/2161.png
Cumberland College,http://a.espncdn.com/i/teamlogos/ncaa/500/511.png
Curry,http://a.espncdn.com/i/teamlogos/ncaa/500/40.png
Dakota State,http://a.espncdn.com/i/teamlogos/ncaa/500/512.png
Dakota Wesleyan,http://a.espncdn.com/i/teamlogos/ncaa/500/513.png
Dartmouth,http://a.espncdn.com/i/teamlogos/ncaa/500/159.png
Davidson,http://a.espncdn.com/i/teamlogos/ncaa/500/2166.png
Dayton,http://a.espncdn.com/i/teamlogos/ncaa/500/2168.png
Defiance,http://a.espncdn.com/i/teamlogos/ncaa/500/190.png
Delaware,http://a.espncdn.com/i/teamlogos/ncaa/500/48.png
Delaware State,http://a.espncdn.com/i/teamlogos/ncaa/500/2169.png
Delaware Valley,http://a.espncdn.com/i/teamlogos/ncaa/500/2808.png
Delta State,http://a.espncdn.com/i/teamlogos/ncaa/500/2170.png
Denison,http://a.espncdn.com/i/teamlogos/ncaa/500/2171.png
DePauw,http://a.espncdn.com/i/teamlogos/ncaa/500/83.png
Dickinson,http://a.espncdn.com/i/teamlogos/ncaa/500/2175.png
Dickinson State,http://a.espncdn.com/i/teamlogos/ncaa/500/316.png
Dixie State,http://a.espncdn.com/i/teamlogos/ncaa/500/3101.png
Drake,http://a.espncdn.com/i/teamlogos/ncaa/500/2181.png
Dubuque,http://a.espncdn.com/i/teamlogos/ncaa/500/49.png
Duke,http://a.espncdn.com/i/teamlogos/ncaa/500/150.png
Duquesne,http://a.espncdn.com/i/teamlogos/ncaa/500/2184.png
Earlham,http://a.espncdn.com/i/teamlogos/ncaa/500/2189.png
East Carolina,http://a.espncdn.com/i/teamlogos/ncaa/500/151.png
East Central,http://a.espncdn.com/i/teamlogos/ncaa/500/2191.png
East Stroudsburg,http://a.espncdn.com/i/teamlogos/ncaa/500/2188.png
East Tennessee State,http://a.espncdn.com/i/teamlogos/ncaa/500/2193.png
East Texas Baptist,http://a.espncdn.com/i/teamlogos/ncaa/500/2194.png
Eastern Illinois,http://a.espncdn.com/i/teamlogos/ncaa/500/2197.png
Eastern Kentucky,http://a.espncdn.com/i/teamlogos/ncaa/500/2198.png
Eastern Michigan,http://a.espncdn.com/i/teamlogos/ncaa/500/2199.png
Eastern New Mexico,http://a.espncdn.com/i/teamlogos/ncaa/500/2201.png
Eastern Oregon,http://a.espncdn.com/i/teamlogos/ncaa/500/2202.png
Eastern Washington,http://a.espncdn.com/i/teamlogos/ncaa/500/331.png
Edinboro,http://a.espncdn.com/i/teamlogos/ncaa/500/2205.png
Elizabeth City State,http://a.espncdn.com/i/teamlogos/ncaa/500/2207.png
Elmhurst,http://a.espncdn.com/i/teamlogos/ncaa/500/72.png
Elon,http://a.espncdn.com/i/teamlogos/ncaa/500/2210.png
Emory & Henry,http://a.espncdn.com/i/teamlogos/ncaa/500/2213.png
Emporia State,http://a.espncdn.com/i/teamlogos/ncaa/500/2214.png
Endicott College,http://a.espncdn.com/i/teamlogos/ncaa/500/452.png
Erie Community College,http://a.espncdn.com/i/teamlogos/ncaa/500/3236.png
Eureka College,http://a.espncdn.com/i/teamlogos/ncaa/500/101.png
Evangel,http://a.espncdn.com/i/teamlogos/ncaa/500/2865.png
Fairmont State,http://a.espncdn.com/i/teamlogos/ncaa/500/2986.png
Faulkner,http://a.espncdn.com/i/teamlogos/ncaa/500/2219.png
Fayetteville State,http://a.espncdn.com/i/teamlogos/ncaa/500/2220.png
FDU-Florham,http://a.espncdn.com/i/teamlogos/ncaa/500/2221.png
Ferris State,http://a.espncdn.com/i/teamlogos/ncaa/500/2222.png
Ferrum,http://a.espncdn.com/i/teamlogos/ncaa/500/366.png
Findlay,http://a.espncdn.com/i/teamlogos/ncaa/500/2224.png
Fitchburg State,http://a.espncdn.com/i/teamlogos/ncaa/500/114.png
Florida,http://a.espncdn.com/i/teamlogos/ncaa/500/57.png
Florida A&M,http://a.espncdn.com/i/teamlogos/ncaa/500/50.png
Florida Atlantic,http://a.espncdn.com/i/teamlogos/ncaa/500/2226.png
Florida International,http://a.espncdn.com/i/teamlogos/ncaa/500/2229.png
Florida State,http://a.espncdn.com/i/teamlogos/ncaa/500/52.png
Florida Tech,http://a.espncdn.com/i/teamlogos/ncaa/500/53.png
Fordham,http://a.espncdn.com/i/teamlogos/ncaa/500/2230.png
Fort Hays State,http://a.espncdn.com/i/teamlogos/ncaa/500/2231.png
Fort Lewis,http://a.espncdn.com/i/teamlogos/ncaa/500/2237.png
Fort Valley State,http://a.espncdn.com/i/teamlogos/ncaa/500/2232.png
Framingham State,http://a.espncdn.com/i/teamlogos/ncaa/500/2967.png
Franklin,http://a.espncdn.com/i/teamlogos/ncaa/500/2233.png
Franklin & Marshall,http://a.espncdn.com/i/teamlogos/ncaa/500/2234.png
Fresno State,http://a.espncdn.com/i/teamlogos/ncaa/500/278.png
Frostburg State,http://a.espncdn.com/i/teamlogos/ncaa/500/341.png
Furman,http://a.espncdn.com/i/teamlogos/ncaa/500/231.png
Gallaudet,http://a.espncdn.com/i/teamlogos/ncaa/500/417.png
Gannon,http://a.espncdn.com/i/teamlogos/ncaa/500/367.png
Gardner-Webb,http://a.espncdn.com/i/teamlogos/ncaa/500/2241.png
Geneva College,http://a.espncdn.com/i/teamlogos/ncaa/500/2242.png
George Fox University,http://a.espncdn.com/i/teamlogos/ncaa/500/415.png
George Mason,http://a.espncdn.com/i/teamlogos/ncaa/500/2244.png
Georgetown,http://a.espncdn.com/i/teamlogos/ncaa/500/46.png
Georgia,http://a.espncdn.com/i/teamlogos/ncaa/500/61.png
Georgia Southern,http://a.espncdn.com/i/teamlogos/ncaa/500/290.png
Georgia State,http://a.espncdn.com/i/teamlogos/ncaa/500/2247.png
Georgia Tech,http://a.espncdn.com/i/teamlogos/ncaa/500/59.png
Gettysburg,http://a.espncdn.com/i/teamlogos/ncaa/500/2248.png
Glenville State,http://a.espncdn.com/i/teamlogos/ncaa/500/2249.png
Graceland University,http://a.espncdn.com/i/teamlogos/ncaa/500/530.png
Grambling,http://a.espncdn.com/i/teamlogos/ncaa/500/2755.png
Grand Valley State,http://a.espncdn.com/i/teamlogos/ncaa/500/125.png
Greensboro,http://a.espncdn.com/i/teamlogos/ncaa/500/2256.png
Greenville,http://a.espncdn.com/i/teamlogos/ncaa/500/2257.png
Grinnell,http://a.espncdn.com/i/teamlogos/ncaa/500/65.png
Grove City College,http://a.espncdn.com/i/teamlogos/ncaa/500/146.png
Guilford,http://a.espncdn.com/i/teamlogos/ncaa/500/2258.png
Gustavus Adolphus,http://a.espncdn.com/i/teamlogos/ncaa/500/2968.png
Hamilton,http://a.espncdn.com/i/teamlogos/ncaa/500/348.png
Hamline,http://a.espncdn.com/i/teamlogos/ncaa/500/162.png
Hampden-Sydney,http://a.espncdn.com/i/teamlogos/ncaa/500/297.png
Hampton,http://a.espncdn.com/i/teamlogos/ncaa/500/2261.png
Hanover,http://a.espncdn.com/i/teamlogos/ncaa/500/2262.png
Harding,http://a.espncdn.com/i/teamlogos/ncaa/500/2264.png
Hardin-Simmons,http://a.espncdn.com/i/teamlogos/ncaa/500/2810.png
Hartwick,http://a.espncdn.com/i/teamlogos/ncaa/500/173.png
Harvard,http://a.espncdn.com/i/teamlogos/ncaa/500/108.png
Haskell Indian Nations,http://a.espncdn.com/i/teamlogos/ncaa/500/535.png
Hawai'i,http://a.espncdn.com/i/teamlogos/ncaa/500/62.png
Heidelberg,http://a.espncdn.com/i/teamlogos/ncaa/500/191.png
Henderson State,http://a.espncdn.com/i/teamlogos/ncaa/500/2271.png
Hendrix College,http://a.espncdn.com/i/teamlogos/ncaa/500/418.png
Hillsdale,http://a.espncdn.com/i/teamlogos/ncaa/500/2273.png
Hiram,http://a.espncdn.com/i/teamlogos/ncaa/500/2274.png
Hobart,http://a.espncdn.com/i/teamlogos/ncaa/500/174.png
Hofstra,http://a.espncdn.com/i/teamlogos/ncaa/500/2275.png
Holy Cross,http://a.espncdn.com/i/teamlogos/ncaa/500/107.png
Hope,http://a.espncdn.com/i/teamlogos/ncaa/500/2812.png
Houston,http://a.espncdn.com/i/teamlogos/ncaa/500/248.png
Houston Baptist,http://a.espncdn.com/i/teamlogos/ncaa/500/2277.png
Howard,http://a.espncdn.com/i/teamlogos/ncaa/500/47.png
Howard Payne,http://a.espncdn.com/i/teamlogos/ncaa/500/2758.png
Humboldt State,http://a.espncdn.com/i/teamlogos/ncaa/500/2278.png
Huntingdon,http://a.espncdn.com/i/teamlogos/ncaa/500/2938.png
Husson,http://a.espncdn.com/i/teamlogos/ncaa/500/2280.png
Idaho,http://a.espncdn.com/i/teamlogos/ncaa/500/70.png
Idaho State,http://a.espncdn.com/i/teamlogos/ncaa/500/304.png
Illinois,http://a.espncdn.com/i/teamlogos/ncaa/500/356.png
Illinois College,http://a.espncdn.com/i/teamlogos/ncaa/500/2286.png
Illinois State,http://a.espncdn.com/i/teamlogos/ncaa/500/2287.png
Illinois Wesleyan,http://a.espncdn.com/i/teamlogos/ncaa/500/306.png
Incarnate Word,http://a.espncdn.com/i/teamlogos/ncaa/500/2916.png
Indiana,http://a.espncdn.com/i/teamlogos/ncaa/500/84.png
Indiana (PA),http://a.espncdn.com/i/teamlogos/ncaa/500/2291.png
Indiana State,http://a.espncdn.com/i/teamlogos/ncaa/500/282.png
Indianapolis,http://a.espncdn.com/i/teamlogos/ncaa/500/2292.png
Iowa,http://a.espncdn.com/i/teamlogos/ncaa/500/2294.png
Iowa State,http://a.espncdn.com/i/teamlogos/ncaa/500/66.png
Iowa Wesleyan,http://a.espncdn.com/i/teamlogos/ncaa/500/2295.png
Ithaca,http://a.espncdn.com/i/teamlogos/ncaa/500/175.png
Jackson State,http://a.espncdn.com/i/teamlogos/ncaa/500/2296.png
Jacksonville,http://a.espncdn.com/i/teamlogos/ncaa/500/294.png
Jacksonville State,http://a.espncdn.com/i/teamlogos/ncaa/500/55.png
James Madison,http://a.espncdn.com/i/teamlogos/ncaa/500/256.png
Jamestown,http://a.espncdn.com/i/teamlogos/ncaa/500/2939.png
John Carroll,http://a.espncdn.com/i/teamlogos/ncaa/500/2302.png
Johns Hopkins,http://a.espncdn.com/i/teamlogos/ncaa/500/118.png
Johnson C Smith,http://a.espncdn.com/i/teamlogos/ncaa/500/2304.png
Juniata,http://a.espncdn.com/i/teamlogos/ncaa/500/246.png
Kalamazoo,http://a.espncdn.com/i/teamlogos/ncaa/500/126.png
Kansas,http://a.espncdn.com/i/teamlogos/ncaa/500/2305.png
Kansas State,http://a.espncdn.com/i/teamlogos/ncaa/500/2306.png
Kansas Wesleyan University,http://a.espncdn.com/i/teamlogos/ncaa/500/547.png
Kean,http://a.espncdn.com/i/teamlogos/ncaa/500/2871.png
Kennesaw State,http://a.espncdn.com/i/teamlogos/ncaa/500/338.png
Kent State,http://a.espncdn.com/i/teamlogos/ncaa/500/2309.png
Kentucky,http://a.espncdn.com/i/teamlogos/ncaa/500/96.png
Kentucky Christian,http://a.espncdn.com/i/teamlogos/ncaa/500/3077.png
Kentucky State,http://a.espncdn.com/i/teamlogos/ncaa/500/2310.png
Kentucky Wesleyan,http://a.espncdn.com/i/teamlogos/ncaa/500/2316.png
Kenyon,http://a.espncdn.com/i/teamlogos/ncaa/500/352.png
King's College (PA),http://a.espncdn.com/i/teamlogos/ncaa/500/247.png
Knox College,http://a.espncdn.com/i/teamlogos/ncaa/500/255.png
Kutztown,http://a.espncdn.com/i/teamlogos/ncaa/500/2315.png
La Verne,http://a.espncdn.com/i/teamlogos/ncaa/500/2318.png
Lafayette,http://a.espncdn.com/i/teamlogos/ncaa/500/322.png
LaGrange College,http://a.espncdn.com/i/teamlogos/ncaa/500/548.png
Lake Erie College,http://a.espncdn.com/i/teamlogos/ncaa/500/437.png
Lake Forest,http://a.espncdn.com/i/teamlogos/ncaa/500/262.png
Lakeland University,http://a.espncdn.com/i/teamlogos/ncaa/500/6353.png
Lamar,http://a.espncdn.com/i/teamlogos/ncaa/500/2320.png
Lambuth,http://a.espncdn.com/i/teamlogos/ncaa/500/2321.png
Lane,http://a.espncdn.com/i/teamlogos/ncaa/500/2323.png
Langston,http://a.espncdn.com/i/teamlogos/ncaa/500/2324.png
Lawrence,http://a.espncdn.com/i/teamlogos/ncaa/500/268.png
Lebanon Valley,http://a.espncdn.com/i/teamlogos/ncaa/500/388.png
Lehigh,http://a.espncdn.com/i/teamlogos/ncaa/500/2329.png
Lenoir-Rhyne,http://a.espncdn.com/i/teamlogos/ncaa/500/2331.png
Lewis & Clark,http://a.espncdn.com/i/teamlogos/ncaa/500/2333.png
Liberty,http://a.espncdn.com/i/teamlogos/ncaa/500/2335.png
Limestone,http://a.espncdn.com/i/teamlogos/ncaa/500/2336.png
Lincoln (MO),http://a.espncdn.com/i/teamlogos/ncaa/500/2876.png
Lincoln (PA),http://a.espncdn.com/i/teamlogos/ncaa/500/2339.png
Lindenwood,http://a.espncdn.com/i/teamlogos/ncaa/500/2815.png
Lindenwood Belleville,http://a.espncdn.com/i/teamlogos/ncaa/500/3209.png
Lindsey Wilson,http://a.espncdn.com/i/teamlogos/ncaa/500/2877.png
Linfield,http://a.espncdn.com/i/teamlogos/ncaa/500/203.png
LIU Post,http://a.espncdn.com/i/teamlogos/ncaa/500/2089.png
Livingstone,http://a.espncdn.com/i/teamlogos/ncaa/500/2940.png
Lock Haven,http://a.espncdn.com/i/teamlogos/ncaa/500/209.png
Loras College,http://a.espncdn.com/i/teamlogos/ncaa/500/263.png
Louisiana,http://a.espncdn.com/i/teamlogos/ncaa/500/309.png
Louisiana College,http://a.espncdn.com/i/teamlogos/ncaa/500/2347.png
Louisiana Monroe,http://a.espncdn.com/i/teamlogos/ncaa/500/2433.png
Louisiana Tech,http://a.espncdn.com/i/teamlogos/ncaa/500/2348.png
Louisville,http://a.espncdn.com/i/teamlogos/ncaa/500/97.png
LSU,http://a.espncdn.com/i/teamlogos/ncaa/500/99.png
Luther,http://a.espncdn.com/i/teamlogos/ncaa/500/67.png
Lycoming,http://a.espncdn.com/i/teamlogos/ncaa/500/2354.png
Macalester,http://a.espncdn.com/i/teamlogos/ncaa/500/2359.png
MacMurray College,http://a.espncdn.com/i/teamlogos/ncaa/500/273.png
Maine,http://a.espncdn.com/i/teamlogos/ncaa/500/311.png
Maine Maritime,http://a.espncdn.com/i/teamlogos/ncaa/500/274.png
Malone,http://a.espncdn.com/i/teamlogos/ncaa/500/556.png
Manchester,http://a.espncdn.com/i/teamlogos/ncaa/500/2362.png
Manitoba,http://a.espncdn.com/i/teamlogos/ncaa/500/2770.png
Mansfield,http://a.espncdn.com/i/teamlogos/ncaa/500/2365.png
Maranatha Baptist College,http://a.espncdn.com/i/teamlogos/ncaa/500/421.png
Marian,http://a.espncdn.com/i/teamlogos/ncaa/500/2366.png
Marietta,http://a.espncdn.com/i/teamlogos/ncaa/500/317.png
Marist,http://a.espncdn.com/i/teamlogos/ncaa/500/2368.png
Mars Hill,http://a.espncdn.com/i/teamlogos/ncaa/500/2369.png
Marshall,http://a.espncdn.com/i/teamlogos/ncaa/500/276.png
Martin Luther College,http://a.espncdn.com/i/teamlogos/ncaa/500/446.png
Mary Hardin-Baylor,http://a.espncdn.com/i/teamlogos/ncaa/500/2371.png
Maryland,http://a.espncdn.com/i/teamlogos/ncaa/500/120.png
Maryville TN,http://a.espncdn.com/i/teamlogos/ncaa/500/2373.png
Mass Maritime,http://a.espncdn.com/i/teamlogos/ncaa/500/110.png
Mayville State,http://a.espncdn.com/i/teamlogos/ncaa/500/561.png
McDaniel College,http://a.espncdn.com/i/teamlogos/ncaa/500/2700.png
McKendree,http://a.espncdn.com/i/teamlogos/ncaa/500/2816.png
McMurry,http://a.espncdn.com/i/teamlogos/ncaa/500/241.png
McNeese,http://a.espncdn.com/i/teamlogos/ncaa/500/2377.png
Memphis,http://a.espncdn.com/i/teamlogos/ncaa/500/235.png
Menlo,http://a.espncdn.com/i/teamlogos/ncaa/500/2381.png
Mercer,http://a.espncdn.com/i/teamlogos/ncaa/500/2382.png
Merchant Marine,http://a.espncdn.com/i/teamlogos/ncaa/500/2383.png
Mercyhurst,http://a.espncdn.com/i/teamlogos/ncaa/500/2385.png
Merrimack,http://a.espncdn.com/i/teamlogos/ncaa/500/2771.png
Methodist,http://a.espncdn.com/i/teamlogos/ncaa/500/291.png
Miami,http://a.espncdn.com/i/teamlogos/ncaa/500/2390.png
Miami (OH),http://a.espncdn.com/i/teamlogos/ncaa/500/193.png
Michigan,http://a.espncdn.com/i/teamlogos/ncaa/500/130.png
Michigan State,http://a.espncdn.com/i/teamlogos/ncaa/500/127.png
Michigan Tech,http://a.espncdn.com/i/teamlogos/ncaa/500/2392.png
Middle Tennessee,http://a.espncdn.com/i/teamlogos/ncaa/500/2393.png
Middlebury,http://a.espncdn.com/i/teamlogos/ncaa/500/2394.png
Midland University,http://a.espncdn.com/i/teamlogos/ncaa/500/565.png
Midwestern State,http://a.espncdn.com/i/teamlogos/ncaa/500/2395.png
Miles,http://a.espncdn.com/i/teamlogos/ncaa/500/2396.png
Millersville,http://a.espncdn.com/i/teamlogos/ncaa/500/210.png
Millikin,http://a.espncdn.com/i/teamlogos/ncaa/500/74.png
Millsaps,http://a.espncdn.com/i/teamlogos/ncaa/500/2398.png
Minnesota,http://a.espncdn.com/i/teamlogos/ncaa/500/135.png
Minnesota State,http://a.espncdn.com/i/teamlogos/ncaa/500/2364.png
Minnesota St-Moorhead,http://a.espncdn.com/i/teamlogos/ncaa/500/2817.png
Minnesota-Crookston,http://a.espncdn.com/i/teamlogos/ncaa/500/2772.png
Minnesota-Duluth,http://a.espncdn.com/i/teamlogos/ncaa/500/134.png
Minnesota-Morris,http://a.espncdn.com/i/teamlogos/ncaa/500/2399.png
Minot State,http://a.espncdn.com/i/teamlogos/ncaa/500/568.png
Misericordia,http://a.espncdn.com/i/teamlogos/ncaa/500/2969.png
Mississippi College,http://a.espncdn.com/i/teamlogos/ncaa/500/2401.png
Mississippi State,http://a.espncdn.com/i/teamlogos/ncaa/500/344.png
Mississippi Valley State,http://a.espncdn.com/i/teamlogos/ncaa/500/2400.png
Missouri,http://a.espncdn.com/i/teamlogos/ncaa/500/142.png
Missouri Baptist,http://a.espncdn.com/i/teamlogos/ncaa/500/2880.png
Missouri S&T,http://a.espncdn.com/i/teamlogos/ncaa/500/2402.png
Missouri Southern State,http://a.espncdn.com/i/teamlogos/ncaa/500/2403.png
Missouri State,http://a.espncdn.com/i/teamlogos/ncaa/500/2623.png
Missouri Western,http://a.espncdn.com/i/teamlogos/ncaa/500/137.png
MIT,http://a.espncdn.com/i/teamlogos/ncaa/500/109.png
Monmouth,http://a.espncdn.com/i/teamlogos/ncaa/500/2405.png
Monmouth (IL),http://a.espncdn.com/i/teamlogos/ncaa/500/2919.png
Montana,http://a.espncdn.com/i/teamlogos/ncaa/500/149.png
Montana State,http://a.espncdn.com/i/teamlogos/ncaa/500/147.png
Montana-Western,http://a.espncdn.com/i/teamlogos/ncaa/500/2701.png
Montclair State,http://a.espncdn.com/i/teamlogos/ncaa/500/2818.png
Monterrey Tech,http://a.espncdn.com/i/teamlogos/ncaa/500/3100.png
Moravian,http://a.espncdn.com/i/teamlogos/ncaa/500/323.png
Morehead State,http://a.espncdn.com/i/teamlogos/ncaa/500/2413.png
Morehouse,http://a.espncdn.com/i/teamlogos/ncaa/500/60.png
Morgan State,http://a.espncdn.com/i/teamlogos/ncaa/500/2415.png
Morningside,http://a.espncdn.com/i/teamlogos/ncaa/500/2416.png
Morrisville State,http://a.espncdn.com/i/teamlogos/ncaa/500/3110.png
Mount Ida College,http://a.espncdn.com/i/teamlogos/ncaa/500/481.png
Mount St. Joseph,http://a.espncdn.com/i/teamlogos/ncaa/500/2419.png
Mount Union,http://a.espncdn.com/i/teamlogos/ncaa/500/426.png
Muhlenberg,http://a.espncdn.com/i/teamlogos/ncaa/500/2422.png
Murray State,http://a.espncdn.com/i/teamlogos/ncaa/500/93.png
Muskingum,http://a.espncdn.com/i/teamlogos/ncaa/500/332.png
Navy,http://a.espncdn.com/i/teamlogos/ncaa/500/2426.png
NC State,http://a.espncdn.com/i/teamlogos/ncaa/500/152.png
NC Wesleyan,http://a.espncdn.com/i/teamlogos/ncaa/500/286.png
Nebraska,http://a.espncdn.com/i/teamlogos/ncaa/500/158.png
Nebraska Wesleyan University,http://a.espncdn.com/i/teamlogos/ncaa/500/6845.png
Nebraska-Kearney,http://a.espncdn.com/i/teamlogos/ncaa/500/2438.png
Nebraska-Omaha,http://a.espncdn.com/i/teamlogos/ncaa/500/2437.png
Nevada,http://a.espncdn.com/i/teamlogos/ncaa/500/2440.png
New Hampshire,http://a.espncdn.com/i/teamlogos/ncaa/500/160.png
New Haven,http://a.espncdn.com/i/teamlogos/ncaa/500/2441.png
New Mexico,http://a.espncdn.com/i/teamlogos/ncaa/500/167.png
New Mexico Highlands,http://a.espncdn.com/i/teamlogos/ncaa/500/2424.png
New Mexico State,http://a.espncdn.com/i/teamlogos/ncaa/500/166.png
Newberry,http://a.espncdn.com/i/teamlogos/ncaa/500/2444.png
Nicholls,http://a.espncdn.com/i/teamlogos/ncaa/500/2447.png
Nichols,http://a.espncdn.com/i/teamlogos/ncaa/500/2884.png
Norfolk State,http://a.espncdn.com/i/teamlogos/ncaa/500/2450.png
North Alabama,http://a.espncdn.com/i/teamlogos/ncaa/500/2453.png
North Carolina,http://a.espncdn.com/i/teamlogos/ncaa/500/153.png
North Carolina A&T,http://a.espncdn.com/i/teamlogos/ncaa/500/2448.png
North Carolina Central,http://a.espncdn.com/i/teamlogos/ncaa/500/2428.png
North Central,http://a.espncdn.com/i/teamlogos/ncaa/500/3071.png
North Dakota,http://a.espncdn.com/i/teamlogos/ncaa/500/155.png
North Dakota State,http://a.espncdn.com/i/teamlogos/ncaa/500/2449.png
North Greenville,http://a.espncdn.com/i/teamlogos/ncaa/500/2822.png
North Park,http://a.espncdn.com/i/teamlogos/ncaa/500/75.png
North Texas,http://a.espncdn.com/i/teamlogos/ncaa/500/249.png
Northeastern,http://a.espncdn.com/i/teamlogos/ncaa/500/111.png
Northeastern State,http://a.espncdn.com/i/teamlogos/ncaa/500/196.png
Northern Arizona,http://a.espncdn.com/i/teamlogos/ncaa/500/2464.png
Northern Colorado,http://a.espncdn.com/i/teamlogos/ncaa/500/2458.png
Northern Illinois,http://a.espncdn.com/i/teamlogos/ncaa/500/2459.png
Northern Iowa,http://a.espncdn.com/i/teamlogos/ncaa/500/2460.png
Northern Michigan,http://a.espncdn.com/i/teamlogos/ncaa/500/128.png
Northern State,http://a.espncdn.com/i/teamlogos/ncaa/500/425.png
Northwest Missouri State,http://a.espncdn.com/i/teamlogos/ncaa/500/138.png
Northwestern,http://a.espncdn.com/i/teamlogos/ncaa/500/77.png
Northwestern (MN),http://a.espncdn.com/i/teamlogos/ncaa/500/583.png
Northwestern Oklahoma State,http://a.espncdn.com/i/teamlogos/ncaa/500/2823.png
Northwestern State,http://a.espncdn.com/i/teamlogos/ncaa/500/2466.png
Northwood (MI),http://a.espncdn.com/i/teamlogos/ncaa/500/2886.png
Norwich,http://a.espncdn.com/i/teamlogos/ncaa/500/2467.png
Notre Dame,http://a.espncdn.com/i/teamlogos/ncaa/500/87.png
Notre Dame College,http://a.espncdn.com/i/teamlogos/ncaa/500/587.png
Oberlin,http://a.espncdn.com/i/teamlogos/ncaa/500/391.png
Occidental,http://a.espncdn.com/i/teamlogos/ncaa/500/2475.png
Ohio,http://a.espncdn.com/i/teamlogos/ncaa/500/195.png
Ohio Northern,http://a.espncdn.com/i/teamlogos/ncaa/500/427.png
Ohio State,http://a.espncdn.com/i/teamlogos/ncaa/500/194.png
Ohio State Newark,http://a.espncdn.com/i/teamlogos/ncaa/500/3161.png
Ohio Wesleyan,http://a.espncdn.com/i/teamlogos/ncaa/500/2980.png
OK Panhandle St,http://a.espncdn.com/i/teamlogos/ncaa/500/2824.png
Oklahoma,http://a.espncdn.com/i/teamlogos/ncaa/500/201.png
Oklahoma Baptist,http://a.espncdn.com/i/teamlogos/ncaa/500/319.png
Oklahoma State,http://a.espncdn.com/i/teamlogos/ncaa/500/197.png
Old Dominion,http://a.espncdn.com/i/teamlogos/ncaa/500/295.png
Ole Miss,http://a.espncdn.com/i/teamlogos/ncaa/500/145.png
Olivet College,http://a.espncdn.com/i/teamlogos/ncaa/500/354.png
Oregon,http://a.espncdn.com/i/teamlogos/ncaa/500/2483.png
Oregon State,http://a.espncdn.com/i/teamlogos/ncaa/500/204.png
Otterbein,http://a.espncdn.com/i/teamlogos/ncaa/500/359.png
Ouachita Baptist,http://a.espncdn.com/i/teamlogos/ncaa/500/2888.png
Pace,http://a.espncdn.com/i/teamlogos/ncaa/500/2487.png
Pacific (OR),http://a.espncdn.com/i/teamlogos/ncaa/500/205.png
Pacific Lutheran,http://a.espncdn.com/i/teamlogos/ncaa/500/2486.png
Penn State,http://a.espncdn.com/i/teamlogos/ncaa/500/213.png
Pennsylvania,http://a.espncdn.com/i/teamlogos/ncaa/500/219.png
Pikeville,http://a.espncdn.com/i/teamlogos/ncaa/500/95.png
Pittsburg State,http://a.espncdn.com/i/teamlogos/ncaa/500/90.png
Pittsburgh,http://a.espncdn.com/i/teamlogos/ncaa/500/221.png
Plymouth State,http://a.espncdn.com/i/teamlogos/ncaa/500/2972.png
Point University,http://a.espncdn.com/i/teamlogos/ncaa/500/3179.png
Pomona-Pitzer,http://a.espncdn.com/i/teamlogos/ncaa/500/2923.png
Portland State,http://a.espncdn.com/i/teamlogos/ncaa/500/2502.png
Prairie View,http://a.espncdn.com/i/teamlogos/ncaa/500/2504.png
Presbyterian College,http://a.espncdn.com/i/teamlogos/ncaa/500/2506.png
Presentation College,http://a.espncdn.com/i/teamlogos/ncaa/500/597.png
Princeton,http://a.espncdn.com/i/teamlogos/ncaa/500/163.png
Principia College,http://a.espncdn.com/i/teamlogos/ncaa/500/363.png
Puget Sound,http://a.espncdn.com/i/teamlogos/ncaa/500/2508.png
Purdue,http://a.espncdn.com/i/teamlogos/ncaa/500/2509.png
Quincy,http://a.espncdn.com/i/teamlogos/ncaa/500/2825.png
Randolph-Macon,http://a.espncdn.com/i/teamlogos/ncaa/500/2516.png
Redlands,http://a.espncdn.com/i/teamlogos/ncaa/500/29.png
Reinhardt,http://a.espncdn.com/i/teamlogos/ncaa/500/2890.png
Rensselaer,http://a.espncdn.com/i/teamlogos/ncaa/500/2528.png
Rhode Island,http://a.espncdn.com/i/teamlogos/ncaa/500/227.png
Rhodes,http://a.espncdn.com/i/teamlogos/ncaa/500/2519.png
Rice,http://a.espncdn.com/i/teamlogos/ncaa/500/242.png
Richmond,http://a.espncdn.com/i/teamlogos/ncaa/500/257.png
Ripon,http://a.espncdn.com/i/teamlogos/ncaa/500/2891.png
Robert Morris,http://a.espncdn.com/i/teamlogos/ncaa/500/2523.png
Robert Morris (IL),http://a.espncdn.com/i/teamlogos/ncaa/500/599.png
Rochester,http://a.espncdn.com/i/teamlogos/ncaa/500/184.png
Rockford,http://a.espncdn.com/i/teamlogos/ncaa/500/2524.png
Rose-Hulman,http://a.espncdn.com/i/teamlogos/ncaa/500/86.png
Rowan,http://a.espncdn.com/i/teamlogos/ncaa/500/2827.png
Rutgers,http://a.espncdn.com/i/teamlogos/ncaa/500/164.png
Sacramento State,http://a.espncdn.com/i/teamlogos/ncaa/500/16.png
Sacred Heart,http://a.espncdn.com/i/teamlogos/ncaa/500/2529.png
Saginaw Valley,http://a.espncdn.com/i/teamlogos/ncaa/500/129.png
Salisbury,http://a.espncdn.com/i/teamlogos/ncaa/500/2532.png
Salve Regina,http://a.espncdn.com/i/teamlogos/ncaa/500/2776.png
Sam Houston State,http://a.espncdn.com/i/teamlogos/ncaa/500/2534.png
Samford,http://a.espncdn.com/i/teamlogos/ncaa/500/2535.png
San Diego,http://a.espncdn.com/i/teamlogos/ncaa/500/301.png
San Diego State,http://a.espncdn.com/i/teamlogos/ncaa/500/21.png
San Jos√© State,http://a.espncdn.com/i/teamlogos/ncaa/500/23.png
Savannah State,http://a.espncdn.com/i/teamlogos/ncaa/500/2542.png
Seton Hill College,http://a.espncdn.com/i/teamlogos/ncaa/500/611.png
Sewanee Univ. of the South,http://a.espncdn.com/i/teamlogos/ncaa/500/2553.png
Shaw,http://a.espncdn.com/i/teamlogos/ncaa/500/2551.png
Shenandoah,http://a.espncdn.com/i/teamlogos/ncaa/500/2828.png
Shepherd,http://a.espncdn.com/i/teamlogos/ncaa/500/2974.png
Shepherd Tech,http://a.espncdn.com/i/teamlogos/ncaa/500/3181.png
Shippensburg,http://a.espncdn.com/i/teamlogos/ncaa/500/2559.png
Shorter,http://a.espncdn.com/i/teamlogos/ncaa/500/2560.png
Siena Heights,http://a.espncdn.com/i/teamlogos/ncaa/500/2562.png
Simon Fraser,http://a.espncdn.com/i/teamlogos/ncaa/500/2829.png
Simpson College,http://a.espncdn.com/i/teamlogos/ncaa/500/2564.png
Sioux Falls,http://a.espncdn.com/i/teamlogos/ncaa/500/2894.png
Slippery Rock,http://a.espncdn.com/i/teamlogos/ncaa/500/215.png
SMU,http://a.espncdn.com/i/teamlogos/ncaa/500/2567.png
South Alabama,http://a.espncdn.com/i/teamlogos/ncaa/500/6.png
South Carolina,http://a.espncdn.com/i/teamlogos/ncaa/500/2579.png
South Carolina State,http://a.espncdn.com/i/teamlogos/ncaa/500/2569.png
South Dakota,http://a.espncdn.com/i/teamlogos/ncaa/500/233.png
South Dakota Mines,http://a.espncdn.com/i/teamlogos/ncaa/500/613.png
South Dakota State,http://a.espncdn.com/i/teamlogos/ncaa/500/2571.png
South Florida,http://a.espncdn.com/i/teamlogos/ncaa/500/58.png
Southeast Missouri State,http://a.espncdn.com/i/teamlogos/ncaa/500/2546.png
Southeastern Louisiana,http://a.espncdn.com/i/teamlogos/ncaa/500/2545.png
Southeastern Oklahoma,http://a.espncdn.com/i/teamlogos/ncaa/500/199.png
Southeastern University,http://a.espncdn.com/i/teamlogos/ncaa/500/267.png
Southern,http://a.espncdn.com/i/teamlogos/ncaa/500/2582.png
Southern Arkansas,http://a.espncdn.com/i/teamlogos/ncaa/500/2568.png
Southern Connecticut State,http://a.espncdn.com/i/teamlogos/ncaa/500/2583.png
Southern Illinois,http://a.espncdn.com/i/teamlogos/ncaa/500/79.png
Southern Mississippi,http://a.espncdn.com/i/teamlogos/ncaa/500/2572.png
Southern Nazarene,http://a.espncdn.com/i/teamlogos/ncaa/500/200.png
Southern Oregon,http://a.espncdn.com/i/teamlogos/ncaa/500/2584.png
Southern Utah,http://a.espncdn.com/i/teamlogos/ncaa/500/253.png
Southern Virginia,http://a.espncdn.com/i/teamlogos/ncaa/500/2896.png
Southwest Baptist,http://a.espncdn.com/i/teamlogos/ncaa/500/2586.png
Southwest Minnesota State,http://a.espncdn.com/i/teamlogos/ncaa/500/2587.png
Southwestern Assemblies of God,http://a.espncdn.com/i/teamlogos/ncaa/500/2904.png
Southwestern College,http://a.espncdn.com/i/teamlogos/ncaa/500/616.png
Southwestern Oklahoma,http://a.espncdn.com/i/teamlogos/ncaa/500/2927.png
Southwestern University,http://a.espncdn.com/i/teamlogos/ncaa/500/2588.png
Springfield,http://a.espncdn.com/i/teamlogos/ncaa/500/81.png
St Francis (PA),http://a.espncdn.com/i/teamlogos/ncaa/500/2598.png
St Lawrence,http://a.espncdn.com/i/teamlogos/ncaa/500/2779.png
St. Ambrose,http://a.espncdn.com/i/teamlogos/ncaa/500/2591.png
St. Anselm,http://a.espncdn.com/i/teamlogos/ncaa/500/2830.png
St. Augustine's,http://a.espncdn.com/i/teamlogos/ncaa/500/395.png
St. Cloud State,http://a.espncdn.com/i/teamlogos/ncaa/500/2594.png
St. Francis (IL),http://a.espncdn.com/i/teamlogos/ncaa/500/2595.png
St. Francis (IN),http://a.espncdn.com/i/teamlogos/ncaa/500/2831.png
St. John Fisher,http://a.espncdn.com/i/teamlogos/ncaa/500/374.png
St. Johns (MN),http://a.espncdn.com/i/teamlogos/ncaa/500/2600.png
St. Norbert,http://a.espncdn.com/i/teamlogos/ncaa/500/2832.png
St. Olaf College,http://a.espncdn.com/i/teamlogos/ncaa/500/133.png
St. Paul's College,http://a.espncdn.com/i/teamlogos/ncaa/500/2611.png
St. Peter's,http://a.espncdn.com/i/teamlogos/ncaa/500/2612.png
St. Scholastica,http://a.espncdn.com/i/teamlogos/ncaa/500/375.png
St. Thomas (MN),http://a.espncdn.com/i/teamlogos/ncaa/500/2900.png
St. Vincent,http://a.espncdn.com/i/teamlogos/ncaa/500/2614.png
St. Xavier (IL),http://a.espncdn.com/i/teamlogos/ncaa/500/2615.png
Stanford,http://a.espncdn.com/i/teamlogos/ncaa/500/24.png
Stephen F. Austin,http://a.espncdn.com/i/teamlogos/ncaa/500/2617.png
Sterling College,http://a.espncdn.com/i/teamlogos/ncaa/500/618.png
Stetson,http://a.espncdn.com/i/teamlogos/ncaa/500/56.png
Stevenson,http://a.espncdn.com/i/teamlogos/ncaa/500/471.png
Stonehill,http://a.espncdn.com/i/teamlogos/ncaa/500/284.png
Stony Brook,http://a.espncdn.com/i/teamlogos/ncaa/500/2619.png
Sul Ross State,http://a.espncdn.com/i/teamlogos/ncaa/500/2834.png
SUNY Cortland,http://a.espncdn.com/i/teamlogos/ncaa/500/2782.png
SUNY Maritime,http://a.espncdn.com/i/teamlogos/ncaa/500/2951.png
Susquehanna,http://a.espncdn.com/i/teamlogos/ncaa/500/216.png
Syracuse,http://a.espncdn.com/i/teamlogos/ncaa/500/183.png
Tarleton State,http://a.espncdn.com/i/teamlogos/ncaa/500/2627.png
Taylor,http://a.espncdn.com/i/teamlogos/ncaa/500/620.png
TCU,http://a.espncdn.com/i/teamlogos/ncaa/500/2628.png
Temple,http://a.espncdn.com/i/teamlogos/ncaa/500/218.png
Tennessee,http://a.espncdn.com/i/teamlogos/ncaa/500/2633.png
Tennessee State,http://a.espncdn.com/i/teamlogos/ncaa/500/2634.png
Tennessee Tech,http://a.espncdn.com/i/teamlogos/ncaa/500/2635.png
Texas,http://a.espncdn.com/i/teamlogos/ncaa/500/251.png
Texas A&M,http://a.espncdn.com/i/teamlogos/ncaa/500/245.png
Texas A&M-Commerce,http://a.espncdn.com/i/teamlogos/ncaa/500/2837.png
Texas A&M-Kingsville,http://a.espncdn.com/i/teamlogos/ncaa/500/2658.png
Texas College,http://a.espncdn.com/i/teamlogos/ncaa/500/2637.png
Texas Lutheran,http://a.espncdn.com/i/teamlogos/ncaa/500/2639.png
Texas Southern,http://a.espncdn.com/i/teamlogos/ncaa/500/2640.png
Texas State,http://a.espncdn.com/i/teamlogos/ncaa/500/326.png
Texas Tech,http://a.espncdn.com/i/teamlogos/ncaa/500/2641.png
The Citadel,http://a.espncdn.com/i/teamlogos/ncaa/500/2643.png
Thiel College,http://a.espncdn.com/i/teamlogos/ncaa/500/2644.png
Thomas More,http://a.espncdn.com/i/teamlogos/ncaa/500/2646.png
Tiffin,http://a.espncdn.com/i/teamlogos/ncaa/500/2838.png
Toledo,http://a.espncdn.com/i/teamlogos/ncaa/500/2649.png
Towson,http://a.espncdn.com/i/teamlogos/ncaa/500/119.png
Trine,http://a.espncdn.com/i/teamlogos/ncaa/500/2651.png
Trinity (CT),http://a.espncdn.com/i/teamlogos/ncaa/500/2977.png
Trinity (IL),http://a.espncdn.com/i/teamlogos/ncaa/500/2652.png
Trinity (TX),http://a.espncdn.com/i/teamlogos/ncaa/500/386.png
Trinity Bible,http://a.espncdn.com/i/teamlogos/ncaa/500/3214.png
Trinity International (IL),http://a.espncdn.com/i/teamlogos/ncaa/500/2907.png
Troy,http://a.espncdn.com/i/teamlogos/ncaa/500/2653.png
Truman State,http://a.espncdn.com/i/teamlogos/ncaa/500/2654.png
Tufts,http://a.espncdn.com/i/teamlogos/ncaa/500/112.png
Tulane,http://a.espncdn.com/i/teamlogos/ncaa/500/2655.png
Tulsa,http://a.espncdn.com/i/teamlogos/ncaa/500/202.png
Tusculum,http://a.espncdn.com/i/teamlogos/ncaa/500/2839.png
Tuskegee,http://a.espncdn.com/i/teamlogos/ncaa/500/2657.png
UAB,http://a.espncdn.com/i/teamlogos/ncaa/500/5.png
UC Davis,http://a.espncdn.com/i/teamlogos/ncaa/500/302.png
UCF,http://a.espncdn.com/i/teamlogos/ncaa/500/2116.png
UCLA,http://a.espncdn.com/i/teamlogos/ncaa/500/26.png
UMass,http://a.espncdn.com/i/teamlogos/ncaa/500/113.png
UMass Dartmouth,http://a.espncdn.com/i/teamlogos/ncaa/500/379.png
UMass Lowell,http://a.espncdn.com/i/teamlogos/ncaa/500/2349.png
UNC Pembroke,http://a.espncdn.com/i/teamlogos/ncaa/500/2882.png
Union,http://a.espncdn.com/i/teamlogos/ncaa/500/237.png
Union College,http://a.espncdn.com/i/teamlogos/ncaa/500/2841.png
University of Faith,http://a.espncdn.com/i/teamlogos/ncaa/500/3254.png
University of Mary,http://a.espncdn.com/i/teamlogos/ncaa/500/559.png
UNLV,http://a.espncdn.com/i/teamlogos/ncaa/500/2439.png
Upper Iowa,http://a.espncdn.com/i/teamlogos/ncaa/500/389.png
Urbana,http://a.espncdn.com/i/teamlogos/ncaa/500/2666.png
Ursinus,http://a.espncdn.com/i/teamlogos/ncaa/500/2667.png
USC,http://a.espncdn.com/i/teamlogos/ncaa/500/30.png
UT Martin,http://a.espncdn.com/i/teamlogos/ncaa/500/2630.png
UT San Antonio,http://a.espncdn.com/i/teamlogos/ncaa/500/2636.png
Utah,http://a.espncdn.com/i/teamlogos/ncaa/500/254.png
Utah State,http://a.espncdn.com/i/teamlogos/ncaa/500/328.png
UTEP,http://a.espncdn.com/i/teamlogos/ncaa/500/2638.png
Utica,http://a.espncdn.com/i/teamlogos/ncaa/500/390.png
UVA-Wise,http://a.espncdn.com/i/teamlogos/ncaa/500/2842.png
UW-Oshkosh,http://a.espncdn.com/i/teamlogos/ncaa/500/271.png
UW-River Falls,http://a.espncdn.com/i/teamlogos/ncaa/500/2723.png
UW-Stout,http://a.espncdn.com/i/teamlogos/ncaa/500/2744.png
UW-Whitewater,http://a.espncdn.com/i/teamlogos/ncaa/500/2745.png
Valdosta State,http://a.espncdn.com/i/teamlogos/ncaa/500/2673.png
Valley City State,http://a.espncdn.com/i/teamlogos/ncaa/500/628.png
Valparaiso,http://a.espncdn.com/i/teamlogos/ncaa/500/2674.png
Vanderbilt,http://a.espncdn.com/i/teamlogos/ncaa/500/238.png
Villanova,http://a.espncdn.com/i/teamlogos/ncaa/500/222.png
Virginia,http://a.espncdn.com/i/teamlogos/ncaa/500/258.png
Virginia State,http://a.espncdn.com/i/teamlogos/ncaa/500/330.png
Virginia Tech,http://a.espncdn.com/i/teamlogos/ncaa/500/259.png
Virginia Union,http://a.espncdn.com/i/teamlogos/ncaa/500/2676.png
VMI,http://a.espncdn.com/i/teamlogos/ncaa/500/2678.png
Wabash College,http://a.espncdn.com/i/teamlogos/ncaa/500/89.png
Wagner,http://a.espncdn.com/i/teamlogos/ncaa/500/2681.png
Wake Forest,http://a.espncdn.com/i/teamlogos/ncaa/500/154.png
Waldorf,http://a.espncdn.com/i/teamlogos/ncaa/500/3080.png
Walsh,http://a.espncdn.com/i/teamlogos/ncaa/500/2682.png
Warner,http://a.espncdn.com/i/teamlogos/ncaa/500/2683.png
Wartburg,http://a.espncdn.com/i/teamlogos/ncaa/500/2685.png
Washburn,http://a.espncdn.com/i/teamlogos/ncaa/500/2687.png
Washington,http://a.espncdn.com/i/teamlogos/ncaa/500/264.png
Washington & Jefferson,http://a.espncdn.com/i/teamlogos/ncaa/500/2686.png
Washington & Lee,http://a.espncdn.com/i/teamlogos/ncaa/500/2688.png
Washington (MO),http://a.espncdn.com/i/teamlogos/ncaa/500/143.png
Washington State,http://a.espncdn.com/i/teamlogos/ncaa/500/265.png
Wayland Baptist,http://a.espncdn.com/i/teamlogos/ncaa/500/630.png
Wayne State (MI),http://a.espncdn.com/i/teamlogos/ncaa/500/131.png
Wayne State (NE),http://a.espncdn.com/i/teamlogos/ncaa/500/2844.png
Waynesburg,http://a.espncdn.com/i/teamlogos/ncaa/500/2845.png
Webber International,http://a.espncdn.com/i/teamlogos/ncaa/500/2691.png
Weber State,http://a.espncdn.com/i/teamlogos/ncaa/500/2692.png
Wesley College,http://a.espncdn.com/i/teamlogos/ncaa/500/2846.png
Wesleyan,http://a.espncdn.com/i/teamlogos/ncaa/500/336.png
West Alabama,http://a.espncdn.com/i/teamlogos/ncaa/500/2695.png
West Chester,http://a.espncdn.com/i/teamlogos/ncaa/500/223.png
West Georgia,http://a.espncdn.com/i/teamlogos/ncaa/500/2698.png
West Liberty,http://a.espncdn.com/i/teamlogos/ncaa/500/2699.png
West Texas A&M,http://a.espncdn.com/i/teamlogos/ncaa/500/2704.png
West Virginia,http://a.espncdn.com/i/teamlogos/ncaa/500/277.png
West Virginia Tech,http://a.espncdn.com/i/teamlogos/ncaa/500/2706.png
Western Carolina,http://a.espncdn.com/i/teamlogos/ncaa/500/2717.png
Western Connecticut State,http://a.espncdn.com/i/teamlogos/ncaa/500/2843.png
Western Illinois,http://a.espncdn.com/i/teamlogos/ncaa/500/2710.png
Western Kentucky,http://a.espncdn.com/i/teamlogos/ncaa/500/98.png
Western Michigan,http://a.espncdn.com/i/teamlogos/ncaa/500/2711.png
Western New England,http://a.espncdn.com/i/teamlogos/ncaa/500/2702.png
Western New Mexico,http://a.espncdn.com/i/teamlogos/ncaa/500/2703.png
Western Oregon,http://a.espncdn.com/i/teamlogos/ncaa/500/2848.png
Western State,http://a.espncdn.com/i/teamlogos/ncaa/500/2714.png
Western Washington,http://a.espncdn.com/i/teamlogos/ncaa/500/2847.png
Westfield State,http://a.espncdn.com/i/teamlogos/ncaa/500/2909.png
Westminster,http://a.espncdn.com/i/teamlogos/ncaa/500/433.png
Westminster PA,http://a.espncdn.com/i/teamlogos/ncaa/500/2849.png
Wheaton College (Ill),http://a.espncdn.com/i/teamlogos/ncaa/500/396.png
Whittier,http://a.espncdn.com/i/teamlogos/ncaa/500/2850.png
Whitworth,http://a.espncdn.com/i/teamlogos/ncaa/500/2721.png
Widener,http://a.espncdn.com/i/teamlogos/ncaa/500/2725.png
Wilkes,http://a.espncdn.com/i/teamlogos/ncaa/500/398.png
Willamette,http://a.espncdn.com/i/teamlogos/ncaa/500/2930.png
William & Mary,http://a.espncdn.com/i/teamlogos/ncaa/500/2729.png
William Jewell College,http://a.espncdn.com/i/teamlogos/ncaa/500/2911.png
William Paterson,http://a.espncdn.com/i/teamlogos/ncaa/500/2970.png
William Penn,http://a.espncdn.com/i/teamlogos/ncaa/500/2912.png
Williams,http://a.espncdn.com/i/teamlogos/ncaa/500/2731.png
Williamson Trade,http://a.espncdn.com/i/teamlogos/ncaa/500/3130.png
Wilmington (OH),http://a.espncdn.com/i/teamlogos/ncaa/500/2733.png
Wingate,http://a.espncdn.com/i/teamlogos/ncaa/500/351.png
Winona State,http://a.espncdn.com/i/teamlogos/ncaa/500/2851.png
Winston-Salem,http://a.espncdn.com/i/teamlogos/ncaa/500/2736.png
Wisconsin,http://a.espncdn.com/i/teamlogos/ncaa/500/275.png
Wisconsin Lutheran,http://a.espncdn.com/i/teamlogos/ncaa/500/2741.png
Wisconsin-Eau Claire,http://a.espncdn.com/i/teamlogos/ncaa/500/2738.png
Wisconsin-La Crosse,http://a.espncdn.com/i/teamlogos/ncaa/500/2740.png
Wisconsin-Platteville,http://a.espncdn.com/i/teamlogos/ncaa/500/272.png
Wisconsin-Stevens Point,http://a.espncdn.com/i/teamlogos/ncaa/500/2743.png
Wittenberg,http://a.espncdn.com/i/teamlogos/ncaa/500/2746.png
Wofford,http://a.espncdn.com/i/teamlogos/ncaa/500/2747.png
Wooster,http://a.espncdn.com/i/teamlogos/ncaa/500/2748.png
Worcester Polytechnic,http://a.espncdn.com/i/teamlogos/ncaa/500/2749.png
Worcester State College,http://a.espncdn.com/i/teamlogos/ncaa/500/402.png
Wright State University,http://a.espncdn.com/i/teamlogos/ncaa/500/2750.png
WV State,http://a.espncdn.com/i/teamlogos/ncaa/500/2707.png
WV Wesleyan,http://a.espncdn.com/i/teamlogos/ncaa/500/455.png
Wyoming,http://a.espncdn.com/i/teamlogos/ncaa/500/2751.png
Yale,http://a.espncdn.com/i/teamlogos/ncaa/500/43.png
Youngstown State,http://a.espncdn.com/i/teamlogos/ncaa/500/2754.png
